first_name,last_name,email,phone,esaf_employee_id
rajaaa,adminaaa,rajaaa@esaf-dev.esthenos.com,8765517101,101
rajbbb,adminbbb,rajbbb@esaf-dev.esthenos.com,8765517102,102
rajccc,adminccc,rajccc@esaf-dev.esthenos.com,8765517103,103
rajddd,adminddd,rajddd@esaf-dev.esthenos.com,8765517104,104
rajeee,admineee,rajeee@esaf-dev.esthenos.com,8765517105,105
rajfff,adminfff,rajfff@esaf-dev.esthenos.com,8765517106,106
rajggg,adminggg,rajggg@esaf-dev.esthenos.com,8765517107,107
rajhhh,adminhhh,rajhhh@esaf-dev.esthenos.com,8765517108,108
rajiii,adminiii,rajiii@esaf-dev.esthenos.com,8765517109,109
rajjjj,adminjjj,rajjjj@esaf-dev.esthenos.com,8765517110,110
rajkkk,adminkkk,rajkkk@esaf-dev.esthenos.com,8765517111,111
rajlll,adminlll,rajlll@esaf-dev.esthenos.com,8765517112,112
rajmmm,adminmmm,rajmmm@esaf-dev.esthenos.com,8765517113,113
rajnnn,adminnnn,rajnnn@esaf-dev.esthenos.com,8765517114,114
rajooo,adminooo,rajooo@esaf-dev.esthenos.com,8765517115,115
rajppp,adminppp,rajppp@esaf-dev.esthenos.com,8765517116,116
rajqqq,adminqqq,rajqqq@esaf-dev.esthenos.com,8765517117,117
rajrrr,adminrrr,rajrrr@esaf-dev.esthenos.com,8765517118,118
rajsss,adminsss,rajsss@esaf-dev.esthenos.com,8765517119,119
rajttt,adminttt,rajttt@esaf-dev.esthenos.com,8765517120,120
