salutation|first_name|last_name|username
Mr|Aaravt|Sharma|aaravt
Mr|Aditya|Verma|aditya
Mr|Advait|Gupta|advait
Mr|Akhil|Iyer|akhil
Mr|Alok|Nair|alok
Mr|Aman|Reddy|aman
Mr|Amit|Mukherjee|amit
Mr|Aniket|Chatterjee|aniket
Mr|Aniruddh|Banerjee|aniruddh
Mr|Ankit|Patel|ankit
Mr|Arjun|Shah|arjun
Mr|Arnav|Joshi|arnav
Mr|Aryan|Kulkarni|aryan
Mr|Ashish|Deshmukh|ashish
Mr|Bharat|Bhat|bharat
Mr|Bhavesh|Rao|bhavesh
Mr|Chetan|Hegde|chetan
Mr|Chirag|Pillai|chirag
Mr|Darshan|Menon|darshan
Mr|Deepak|Das|deepak
Mr|Dev|Ghosh|dev
Mr|Dhruv|Sen|dhruv
Mr|Divyansh|Roy|divyansh
Mr|Gaurav|Mishra|gaurav
Mr|Girish|Pandey|girish
Mr|Hardik|Tripathi|hardik
Mr|Harish|Tiwari|harish
Mr|Harsh|Shukla|harsh
Mr|Hemant|Chauhan|hemant
Mr|Ishaan|Rajput|ishaan
Mr|Jayant|Rathore|jayant
Mr|Jitendra|Yadav|jitendra
Mr|Kabir|Singh|kabir
Mr|Karthik|Mehta|karthik
Mr|Krunal|Trivedi|krunal
Mr|Kunal|Bhattacharya|kunal
Mr|Madhav|Namboodiri|madhav
Mr|Manan|Shetty|manan
Mr|Manish|Gowda|manish
Mr|Mayank|Naidu|mayank
Mr|Mihir|Choudhury|mihir
Mr|Mukund|Goswami|mukund
Mr|Nakul|Dutta|nakul
Mr|Naveen|Saxena|naveen
Mr|Nikhil|Agarwal|nikhil
Mr|Nirav|Singhal|nirav
Mr|Nitesh|Bansal|nitesh
Mr|Omkar|Mittal|omkar
Mr|Pankaj|Garg|pankaj
Mr|Parth|Goyal|parth
Ms|Aakanksha|Mahajan|aakanksha
Ms|Aarti|Kapoor|aarti
Ms|Aditi|Khanna|aditi
Ms|Aishwarya|Chopra|aishwarya
Ms|Akshara|Malhotra|akshara
Ms|Amrita|Grover|amrita
Ms|Ananya|Sethi|ananya
Ms|Ankita|Anand|ankita
Ms|Anupriya|Bajaj|anupriya
Ms|Anusha|Somani|anusha
Ms|Archana|Birla|archana
Ms|Arundhati|Singhania|arundhati
Ms|Bhavana|Dalmia|bhavana
Ms|Charu|Jhunjhunwala|charu
Ms|Chetana|Varma|chetana
Ms|Deepa|Nayak|deepa
Ms|Deepika|Panda|deepika
Ms|Divya|Mohanty|divya
Ms|Gargi|Sahoo|gargi
Ms|Gayatri|Patnaik|gayatri
Ms|Geeta|Tripathy|geeta
Ms|Ishita|Samal|ishita
Ms|Janaki|Behera|janaki
Ms|Jyoti|Swaminathan|jyoti
Ms|Kalyani|Natarajan|kalyani
Ms|Kavita|Venkataraman|kavita
Ms|Keerthi|Balasubramanian|keerthi
Ms|Krithika|Soundararajan|krithika
Ms|Lavanya|Raghavan|lavanya
Ms|Madhuri|Srinivasan|madhuri
Ms|Malini|Sundaram|malini
Ms|Manisha|Ananthakrishnan|manisha
Ms|Meera|Krishnan|meera
Ms|Nandini|Ganesan|nandini
Ms|Neha|Murthy|neha
Ms|Nidhi|Ranganathan|nidhi
Ms|Nikita|Kesavan|nikita
Ms|Pallavi|Vasudevan|pallavi
Ms|Pooja|Acharya|pooja
Ms|Prerna|Shastri|prerna
Ms|Priya|Upadhyay|priya
Ms|Radhika|Dwivedi|radhika
Ms|Ritu|Pathak|ritu
Ms|Roshni|Ojha|roshni
Ms|Sakshi|Jha|sakshi
Ms|Sandhya|Dubey|sandhya
Ms|Shalini|Chaubey|shalini
Ms|Shreya|Dixit|shreya
Ms|Sneha|Kaushik|sneha
Ms|Swati|Bhardwaj|swati
