name,email,employee_id,role
Aaravt Sharma,aaravtfo@esaf.esthenos.com,2625100008,fo
Aditya Verma,adityafo@esaf.esthenos.com,2625100009,fo
Advait Gupta,advaitfo@esaf.esthenos.com,2625100010,fo
Akhil Iyer,akhilfo@esaf.esthenos.com,2625100011,fo
Alok Nair,alokfo@esaf.esthenos.com,2625100012,fo
Aman Reddy,amanfo@esaf.esthenos.com,2625100013,fo
Amit Mukherjee,amitfo@esaf.esthenos.com,2625100014,fo
Aniket Chatterjee,aniketfo@esaf.esthenos.com,2625100015,fo
Aniruddh Banerjee,aniruddhfo@esaf.esthenos.com,2625100016,fo
Ankit Patel,ankitfo@esaf.esthenos.com,2625100017,fo
