email,token,status,error
hithesh@guat.esafbank.com,cP0zziif56ei06q-6s2pzZBEAdc,SUCCESS,
divya@guat.esafbank.com,2eMe5SmbVU_FNRf4BzHKQgYQrL4,SUCCESS,
aryan@guat.esafbank.com,UjLtnIz_NkqwvIns5dy6QTekIi8,SUCCESS,
narayan@guat.esafbank.com,9xPjbdSD_TaCiUj92lwZDf41ytQ,SUCCESS,
hithesh@guat.esafbank.com,cP0zziif56ei06q-6s2pzZBEAdc,SUCCESS,
aishu@guat.esafbank.com,knZRpoYgON7IUUFc8PEvs5XPxJQ,SUCCESS,
manasa@guat.esafbank.com,ycpyjuEhztVkP7_9v533WuUXiho,SUCCESS,
prasad@guat.esafbank.com,oVGigjVmYjKL9iWr-elCsV1yZVA,SUCCESS,
pushpraj@guat.esafbank.com,zsa6l2-0GyCxgAJhKAFmGnxRP8g,SUCCESS,
lakshman@guat.esafbank.com,LjhUNXyfm3cbWci5UZ8H0PH_Vlo,SUCCESS,
nitin@guat.esafbank.com,,HTTP_401,"{""error"":"""",""message"":""User is Locked, try after 3 minutes, Contact Admin, Try resetting your password""}
"
Shwetha@guat.esafbank.com,,HTTP_401,"{""error"":"""",""message"":""User is Locked, try after 3 minutes, Contact Admin, Try resetting your password""}
"
harshith@guat.esafbank.com,,HTTP_401,"{""error"":"""",""message"":""User is Locked, try after 3 minutes, Contact Admin, Try resetting your password""}
"
ram@guat.esafbank.com,QdpQxlbkXa9PoGBG-nnoMThl6-Q,SUCCESS,
arpan@guat.esafbank.com,dmk2GrniUD4IF_ySH5saNlzIVFg,SUCCESS,
sameer@guat.esafbank.com,gcJUALgLWvOneFGJJjnVoPfHFlg,SUCCESS,
divya@guat.esafbank.com,mjQ8uGUyMe6FLBXQpDKrqPqLa_M,SUCCESS,
