first_name,last_name,email,credit_officer_id,employee_id,esaf_employee_id,role
Aarav,Sharma,aarav@esaf-dev.esthenos.com,0,2624400001,597,admin
Aarav,Sharma,aarav.1788326258@gravity-sit.esafbank.com,0,2624500001,390,admin
Aarav,Sharma,aarav@gravity-sit.esafbank.com,0,2624500002,301,admin
Aaravt,Sharma,aaravt@gravity-sit.esafbank.com,0,2624500003,869,admin
Aditya,Verma,aditya@gravity-sit.esafbank.com,0,2624500004,608,admin
Advait,Gupta,advait@gravity-sit.esafbank.com,0,2624500005,600,admin
Akhil,Iyer,akhil@gravity-sit.esafbank.com,0,2624500006,256,admin
Alok,Nair,alok@gravity-sit.esafbank.com,0,2624500007,732,admin
Aman,Reddy,aman@gravity-sit.esafbank.com,0,2624500008,536,admin
Amit,Mukherjee,amit@gravity-sit.esafbank.com,0,2624500009,224,admin
Aniket,Chatterjee,aniket@gravity-sit.esafbank.com,0,2624500010,554,admin
Aniruddh,Banerjee,aniruddh@gravity-sit.esafbank.com,0,2624500011,914,admin
Ankit,Patel,ankit@gravity-sit.esafbank.com,0,2624500012,474,admin
Arjun,Shah,arjun@gravity-sit.esafbank.com,0,2624500013,296,admin
Arnav,Joshi,arnav@gravity-sit.esafbank.com,0,2624500014,428,admin
Ashish,Deshmukh,ashish@gravity-sit.esafbank.com,0,2624500015,908,admin
Bharat,Bhat,bharat@gravity-sit.esafbank.com,0,2624500016,935,admin
Bhavesh,Rao,bhavesh@gravity-sit.esafbank.com,0,2624500017,500,admin
Chetan,Hegde,chetan@gravity-sit.esafbank.com,0,2624500018,250,admin
Chirag,Pillai,chirag@gravity-sit.esafbank.com,0,2624500019,269,admin
Darshan,Menon,darshan@gravity-sit.esafbank.com,0,2624500020,962,admin
Deepak,Das,deepak@gravity-sit.esafbank.com,0,2624500021,205,admin
Dev,Ghosh,dev@gravity-sit.esafbank.com,0,2624500022,446,admin
Dhruv,Sen,dhruv@gravity-sit.esafbank.com,0,2624500023,817,admin
Divyansh,Roy,divyansh@gravity-sit.esafbank.com,0,2624500024,319,admin
Gaurav,Mishra,gaurav@gravity-sit.esafbank.com,0,2624500025,290,admin
Girish,Pandey,girish@gravity-sit.esafbank.com,0,2624500026,401,admin
Hardik,Tripathi,hardik@gravity-sit.esafbank.com,0,2624500027,704,admin
Harish,Tiwari,harish@gravity-sit.esafbank.com,0,2624500028,236,admin
Harsh,Shukla,harsh@gravity-sit.esafbank.com,0,2624500029,240,admin
Hemant,Chauhan,hemant@gravity-sit.esafbank.com,0,2624500030,540,admin
Ishaan,Rajput,ishaan@gravity-sit.esafbank.com,0,2624500031,551,admin
Jayant,Rathore,jayant@gravity-sit.esafbank.com,0,2624500032,220,admin
Jitendra,Yadav,jitendra@gravity-sit.esafbank.com,0,2624500033,305,admin
Kabir,Singh,kabir@gravity-sit.esafbank.com,0,2624500034,580,admin
Karthik,Mehta,karthik@gravity-sit.esafbank.com,0,2624500035,352,admin
Krunal,Trivedi,krunal@gravity-sit.esafbank.com,0,2624500036,872,admin
Kunal,Bhattacharya,kunal@gravity-sit.esafbank.com,0,2624500037,849,admin
Madhav,Namboodiri,madhav@gravity-sit.esafbank.com,0,2624500038,370,admin
Manan,Shetty,manan@gravity-sit.esafbank.com,0,2624500039,386,admin
Manish,Gowda,manish@gravity-sit.esafbank.com,0,2624500040,730,admin
Mayank,Naidu,mayank@gravity-sit.esafbank.com,0,2624500041,242,admin
Mihir,Choudhury,mihir@gravity-sit.esafbank.com,0,2624500042,125,admin
Mukund,Goswami,mukund@gravity-sit.esafbank.com,0,2624500043,998,admin
Nakul,Dutta,nakul@gravity-sit.esafbank.com,0,2624500044,140,admin
Naveen,Saxena,naveen@gravity-sit.esafbank.com,0,2624500045,722,admin
Nirav,Singhal,nirav@gravity-sit.esafbank.com,0,2624500046,477,admin
Nitesh,Bansal,nitesh@gravity-sit.esafbank.com,0,2624500047,263,admin
Omkar,Mittal,omkar@gravity-sit.esafbank.com,0,2624500048,928,admin
Pankaj,Garg,pankaj@gravity-sit.esafbank.com,0,2624500049,930,admin
Parth,Goyal,parth@gravity-sit.esafbank.com,0,2624500050,905,admin
Aakanksha,Mahajan,aakanksha@gravity-sit.esafbank.com,0,2624500051,407,admin
Aarti,Kapoor,aarti@gravity-sit.esafbank.com,0,2624500052,880,admin
Aditi,Khanna,aditi@gravity-sit.esafbank.com,0,2624500053,385,admin
Aishwarya,Chopra,aishwarya@gravity-sit.esafbank.com,0,2624500054,832,admin
Akshara,Malhotra,akshara@gravity-sit.esafbank.com,0,2624500055,677,admin
Amrita,Grover,amrita@gravity-sit.esafbank.com,0,2624500056,603,admin
Ananya,Sethi,ananya@gravity-sit.esafbank.com,0,2624500057,289,admin
Ankita,Anand,ankita@gravity-sit.esafbank.com,0,2624500058,521,admin
Anupriya,Bajaj,anupriya@gravity-sit.esafbank.com,0,2624500059,904,admin
Anusha,Somani,anusha@gravity-sit.esafbank.com,0,2624500060,442,admin
Archana,Birla,archana@gravity-sit.esafbank.com,0,2624500061,382,admin
Arundhati,Singhania,arundhati@gravity-sit.esafbank.com,0,2624500062,967,admin
Bhavana,Dalmia,bhavana@gravity-sit.esafbank.com,0,2624500063,611,admin
Charu,Jhunjhunwala,charu@gravity-sit.esafbank.com,0,2624500064,383,admin
Chetana,Varma,chetana@gravity-sit.esafbank.com,0,2624500065,884,admin
Deepa,Nayak,deepa@gravity-sit.esafbank.com,0,2624500066,634,admin
Gargi,Sahoo,gargi@gravity-sit.esafbank.com,0,2624500067,906,admin
Gayatri,Patnaik,gayatri@gravity-sit.esafbank.com,0,2624500068,459,admin
Geeta,Tripathy,geeta@gravity-sit.esafbank.com,0,2624500069,667,admin
Ishita,Samal,ishita@gravity-sit.esafbank.com,0,2624500070,287,admin
Janaki,Behera,janaki@gravity-sit.esafbank.com,0,2624500071,860,admin
Jyoti,Swaminathan,jyoti@gravity-sit.esafbank.com,0,2624500072,146,admin
Kavita,Venkataraman,kavita@gravity-sit.esafbank.com,0,2624500074,669,admin
Keerthi,Balasubramanian,keerthi@gravity-sit.esafbank.com,0,2624500075,229,admin
Lavanya,Raghavan,lavanya@gravity-sit.esafbank.com,0,2624500077,124,admin
Madhuri,Srinivasan,madhuri@gravity-sit.esafbank.com,0,2624500078,936,admin
Malini,Sundaram,malini@gravity-sit.esafbank.com,0,2624500079,492,admin
Manisha,Ananthakrishnan,manisha@gravity-sit.esafbank.com,0,2624500080,843,admin
Meera,Krishnan,meera@gravity-sit.esafbank.com,0,2624500081,165,admin
Nandini,Ganesan,nandini@gravity-sit.esafbank.com,0,2624500082,259,admin
Neha,Murthy,neha@gravity-sit.esafbank.com,0,2624500083,596,admin
Nidhi,Ranganathan,nidhi@gravity-sit.esafbank.com,0,2624500084,632,admin
Nikita,Kesavan,nikita@gravity-sit.esafbank.com,0,2624500085,141,admin
Pallavi,Vasudevan,pallavi@gravity-sit.esafbank.com,0,2624500086,547,admin
Pooja,Acharya,pooja@gravity-sit.esafbank.com,0,2624500087,391,admin
Priya,Upadhyay,priya@gravity-sit.esafbank.com,0,2624500089,566,admin
Radhika,Dwivedi,radhika@gravity-sit.esafbank.com,0,2624500090,182,admin
Ritu,Pathak,ritu@gravity-sit.esafbank.com,0,2624500091,532,admin
Roshni,Ojha,roshni@gravity-sit.esafbank.com,0,2624500092,671,admin
Sakshi,Jha,sakshi@gravity-sit.esafbank.com,0,2624500093,712,admin
Sandhya,Dubey,sandhya@gravity-sit.esafbank.com,0,2624500094,769,admin
Shalini,Chaubey,shalini@gravity-sit.esafbank.com,0,2624500095,111,admin
Shreya,Dixit,shreya@gravity-sit.esafbank.com,0,2624500096,480,admin
Sneha,Kaushik,sneha@gravity-sit.esafbank.com,0,2624500097,876,admin
Swati,Bhardwaj,swati@gravity-sit.esafbank.com,0,2624500098,365,admin
Aaravt,Sharma,aaravtfo@esaf.esthenos.com,0,2625100008,958,fo
Aditya,Verma,adityafo@esaf.esthenos.com,0,2625100009,486,fo
Advait,Gupta,advaitfo@esaf.esthenos.com,0,2625100010,854,fo
Akhil,Iyer,akhilfo@esaf.esthenos.com,0,2625100011,855,fo
Aman,Reddy,amanfo@esaf.esthenos.com,0,2625100013,664,fo
Amit,Mukherjee,amitfo@esaf.esthenos.com,0,2625100014,191,fo
Aniket,Chatterjee,aniketfo@esaf.esthenos.com,0,2625100015,594,fo
Aniruddh,Banerjee,aniruddhfo@esaf.esthenos.com,0,2625100016,424,fo
Ankit,Patel,ankitfo@esaf.esthenos.com,0,2625100017,277,fo
